{
	"credit": "Made with Blockbench",
	"textures": {
		"0": "custom/decorations/cattails",
		"particle": "custom/decorations/cattails",
		"1": "minecraft:block/clay"
	},
	"elements": [
		{
			"from": [8, 0, 0.8],
			"to": [8, 32, 15.2],
			"rotation": {"angle": -45, "axis": "y", "origin": [8, 0, 8], "rescale": true},
			"faces": {
				"east": {"uv": [8, 0, 0, 16], "texture": "#0"},
				"west": {"uv": [0, 0, 8, 16], "texture": "#0"}
			}
		},
		{
			"from": [0.8, 0, 8],
			"to": [15.2, 32, 8],
			"rotation": {"angle": -45, "axis": "y", "origin": [8, 0, 8], "rescale": true},
			"faces": {
				"north": {"uv": [0, 0, 8, 16], "texture": "#0"},
				"south": {"uv": [0, 0, 8, 16], "texture": "#0"}
			}
		},
		{
			"from": [0, 0.01, 0],
			"to": [16, 0.01, 16],
			"color": 1,
			"faces": {
				"up": {"uv": [0, 0, 16, 16], "texture": "#1"}
			}
		}
	]
}