{
	"credit": "Made with Blockbench",
	"texture_size": [32, 32],
	"textures": {
		"0": "custom/hats/hat_and_quill",
		"particle": "custom/hats/hat_and_quill"
	},
	"elements": [
		{
			"from": [4, 0, 4],
			"to": [12, 8, 12],
			"rotation": {"angle": 0, "axis": "y", "origin": [4, 0, 4]},
			"color": 3,
			"faces": {
				"north": {"uv": [0, 0, 4, 4], "texture": "#missing"},
				"east": {"uv": [0, 0, 4, 4], "texture": "#missing"},
				"south": {"uv": [0, 0, 4, 4], "texture": "#missing"},
				"west": {"uv": [0, 0, 4, 4], "texture": "#missing"},
				"up": {"uv": [0, 0, 4, 4], "texture": "#missing"},
				"down": {"uv": [0, 0, 4, 4], "texture": "#missing"}
			}
		},
		{
			"from": [3, 7, 3],
			"to": [13, 9, 13],
			"faces": {
				"north": {"uv": [7, 5.5, 12, 6.5], "texture": "#0"},
				"east": {"uv": [7, 6.5, 12, 7.5], "texture": "#0"},
				"south": {"uv": [7.5, 3, 12.5, 4], "texture": "#0"},
				"west": {"uv": [7.5, 4, 12.5, 5], "texture": "#0"},
				"up": {"uv": [5, 5, 0, 0], "texture": "#0"},
				"down": {"uv": [5, 5, 0, 10], "texture": "#0"}
			}
		},
		{
			"from": [5, 9, 5],
			"to": [11, 11, 11],
			"faces": {
				"north": {"uv": [7, 7.5, 10, 8.5], "texture": "#0"},
				"east": {"uv": [8, 0, 11, 1], "texture": "#0"},
				"south": {"uv": [8, 1, 11, 2], "texture": "#0"},
				"west": {"uv": [8, 2, 11, 3], "texture": "#0"},
				"up": {"uv": [8, 3, 5, 0], "texture": "#0"}
			}
		},
		{
			"from": [6, 11, 5],
			"to": [10, 12, 11],
			"faces": {
				"north": {"uv": [8, 8.5, 10, 9], "texture": "#0"},
				"east": {"uv": [7.5, 5, 10.5, 5.5], "texture": "#0"},
				"south": {"uv": [5, 9, 7, 9.5], "texture": "#0"},
				"west": {"uv": [5, 8.5, 8, 9], "texture": "#0"},
				"up": {"uv": [7, 8.5, 5, 5.5], "texture": "#0"}
			}
		},
		{
			"from": [5, 9, 8],
			"to": [5, 14, 13],
			"rotation": {"angle": -22.5, "axis": "y", "origin": [5, 9, 8]},
			"faces": {
				"north": {"uv": [0, 0, 0, 2.5], "texture": "#0"},
				"east": {"uv": [7.5, 3, 5, 5.5], "texture": "#0"},
				"south": {"uv": [0, 0, 0, 2.5], "texture": "#0"},
				"west": {"uv": [5, 3, 7.5, 5.5], "texture": "#0"},
				"up": {"uv": [0, 2.5, 0, 0], "texture": "#0"},
				"down": {"uv": [0, 0, 0, 2.5], "texture": "#0"}
			}
		}
	],
	"display": {
		"head": {
			"translation": [0, 5.75, 0],
			"scale": [1.59, 1.59, 1.59]
		}
	}
}