{
	"credit": "Made with Blockbench",
	"texture_size": [64, 64],
	"textures": {
		"0": "custom/buildings/pots/pot_sawmill",
		"particle": "custom/buildings/pots/pot_sawmill"
	},
	"elements": [
		{
			"from": [1, 0, 1],
			"to": [15, 16, 15],
			"faces": {
				"north": {"uv": [12.25, 0, 15.75, 4], "texture": "#0"},
				"east": {"uv": [8.25, 4, 11.75, 8], "texture": "#0"},
				"south": {"uv": [12.25, 4, 15.75, 8], "texture": "#0"},
				"west": {"uv": [8.25, 0, 11.75, 4], "texture": "#0"},
				"up": {"uv": [3.5, 3.25, 7, 6.75], "texture": "#0"},
				"down": {"uv": [0, 3.25, 3.5, 6.75], "texture": "#0"}
			}
		},
		{
			"from": [5, 16, 5],
			"to": [11, 17, 11],
			"rotation": {"angle": 0, "axis": "y", "origin": [5, 0, 5]},
			"faces": {
				"north": {"uv": [0, 2.75, 1.5, 3], "texture": "#0"},
				"east": {"uv": [0, 2.75, 1.5, 3], "texture": "#0"},
				"south": {"uv": [0, 2.75, 1.5, 3], "texture": "#0"},
				"west": {"uv": [0, 2.75, 1.5, 3], "texture": "#0"}
			}
		},
		{
			"from": [4, 17, 4],
			"to": [12, 19, 12],
			"rotation": {"angle": 0, "axis": "y", "origin": [4, 0, 4]},
			"faces": {
				"north": {"uv": [4, 2, 6, 2.75], "texture": "#0"},
				"east": {"uv": [6, 2, 8, 2.75], "texture": "#0"},
				"south": {"uv": [0, 2, 2, 2.75], "texture": "#0"},
				"west": {"uv": [2, 2, 4, 2.75], "texture": "#0"},
				"up": {"uv": [2, 0, 4, 2], "texture": "#0"},
				"down": {"uv": [4, 0, 6, 2], "texture": "#0"}
			}
		}
	],
	"display": {
		"thirdperson_righthand": {
			"rotation": [0, 90, 0],
			"translation": [0, 2, 0.5],
			"scale": [0.37, 0.37, 0.37]
		},
		"gui": {
			"rotation": [30, 45, 0],
			"scale": [0.6, 0.6, 0.6]
		}
	}
}