{
	"textures": {
		"0": "animated_java:item/wumpus/wumpus"
	},
	"elements": [
		{
			"from": [
				5.5,
				4.5,
				6
			],
			"to": [
				10.5,
				8.5,
				10
			],
			"faces": {
				"north": {
					"uv": [
						6,
						6,
						8.5,
						8
					],
					"texture": "#0"
				},
				"east": {
					"uv": [
						0,
						9,
						2,
						11
					],
					"texture": "#0"
				},
				"south": {
					"uv": [
						6,
						8,
						8.5,
						10
					],
					"texture": "#0"
				},
				"west": {
					"uv": [
						2,
						9,
						4,
						11
					],
					"texture": "#0"
				},
				"up": {
					"uv": [
						11,
						8,
						8.5,
						6
					],
					"texture": "#0"
				},
				"down": {
					"uv": [
						11,
						8,
						8.5,
						10
					],
					"texture": "#0"
				}
			}
		}
	],
	"display": {
		"head": {
			"rotation": [
				0,
				180,
				0
			]
		}
	}
}