{
	"textures": {
		"0": "animated_java:item/wumpus/wumpus"
	},
	"elements": [
		{
			"from": [
				7,
				6.5,
				7
			],
			"to": [
				9,
				8.5,
				9
			],
			"rotation": {
				"angle": 0,
				"axis": "y",
				"origin": [
					6.75,
					7.5,
					8
				]
			},
			"faces": {
				"north": {
					"uv": [
						7.5,
						12,
						8.5,
						13
					],
					"texture": "#0"
				},
				"east": {
					"uv": [
						12,
						7.5,
						13,
						8.5
					],
					"texture": "#0"
				},
				"south": {
					"uv": [
						12,
						8.5,
						13,
						9.5
					],
					"texture": "#0"
				},
				"west": {
					"uv": [
						12,
						9.5,
						13,
						10.5
					],
					"texture": "#0"
				},
				"up": {
					"uv": [
						13,
						11.5,
						12,
						10.5
					],
					"texture": "#0"
				},
				"down": {
					"uv": [
						13,
						11.5,
						12,
						12.5
					],
					"texture": "#0"
				}
			}
		}
	],
	"display": {
		"head": {
			"rotation": [
				0,
				180,
				0
			]
		}
	}
}