{
	"credit": "Made with Blockbench",
	"texture_size": [32, 32],
	"textures": {
		"pouch": "custom/decorations/pouches/base"
	},
	"elements": [
		{
			"name": "base",
			"from": [5, 0, 5],
			"to": [11, 8, 11],
			"rotation": {"angle": 0, "axis": "y", "origin": [0, 0, 3]},
			"faces": {
				"north": {"uv": [0, 0, 3, 4], "texture": "#pouch"},
				"east": {"uv": [3, 0, 6, 4], "texture": "#pouch"},
				"south": {"uv": [0, 4, 3, 8], "texture": "#pouch"},
				"west": {"uv": [3, 4, 6, 8], "texture": "#pouch"},
				"up": {"uv": [9, 3, 6, 0], "texture": "#pouch"},
				"down": {"uv": [9, 3, 6, 6], "texture": "#pouch"}
			}
		},
		{
			"name": "knot",
			"from": [6, 8, 6],
			"to": [10, 9, 10],
			"rotation": {"angle": 0, "axis": "y", "origin": [4, 0, 4]},
			"faces": {
				"north": {"uv": [8.5, 7.5, 10.5, 8], "texture": "#pouch"},
				"east": {"uv": [8.5, 8, 10.5, 8.5], "texture": "#pouch"},
				"south": {"uv": [9, 0, 11, 0.5], "texture": "#pouch"},
				"west": {"uv": [9, 0.5, 11, 1], "texture": "#pouch"}
			}
		},
		{
			"name": "top",
			"from": [5.5, 9, 5.5],
			"to": [10.5, 10, 10.5],
			"rotation": {"angle": 0, "axis": "y", "origin": [8, 0, 8]},
			"faces": {
				"north": {"uv": [8.5, 6, 11, 6.5], "texture": "#pouch"},
				"east": {"uv": [6.5, 8.5, 9, 9], "texture": "#pouch"},
				"south": {"uv": [8.5, 6.5, 11, 7], "texture": "#pouch"},
				"west": {"uv": [8.5, 7, 11, 7.5], "texture": "#pouch"},
				"up": {"uv": [8.5, 8.5, 6, 6], "texture": "#pouch"},
				"down": {"uv": [2.5, 8, 0, 10.5], "texture": "#pouch"}
			}
		},
		{
			"name": "chord",
			"from": [6, 6.87868, 3.87868],
			"to": [10, 9.87868, 3.87868],
			"rotation": {"angle": 45, "axis": "x", "origin": [-1, 6.87868, 3.87868]},
			"faces": {
				"north": {"uv": [2.5, 8, 4.5, 9.5], "texture": "#pouch"},
				"south": {"uv": [4.5, 8.5, 6.5, 10], "texture": "#pouch"}
			}
		},
		{
			"name": "face",
			"from": [4.75, 1, 5.5],
			"to": [4.75, 6, 10.5],
			"faces": {
				"west": {"uv": [0, 0, 5, 5], "texture": "#icon"}
			}
		},
		{
			"name": "top",
			"from": [6, 9.9, 6],
			"to": [10, 9.9, 10],
			"faces": {
				"up": {"uv": [4, 9, 0, 5], "texture": "#icon"}
			}
		}
	],
	"groups": [
		{
			"name": "pouch",
			"origin": [8, 8, 8],
			"color": 0,
			"children": [0, 1, 2, 3]
		},
		{
			"name": "addons",
			"origin": [8, 8, 8],
			"color": 0,
			"children": [4, 5]
		}
	]
}